first_name,last_name,email,phone_number,address,job_title,department,salary,password
Alexandra,Campbell,alexandra.campbell@email.com,262-315-0031x099,"1555 James Village Suite 988
Michaelberg, DC 11601",Data Analyst,IT,49566.78,MHJJoHr9Gw2L
Michelle,Hernandez,michelle.hernandez@email.com,792-991-1798,"7174 Dean Rapids
Hughesfurt, IN 15664",Systems Administrator,IT,42304.15,m9x9GfMCmwPD
Nicholas,Solomon,nicholas.solomon@email.com,+1-440-657-6728,"708 Simpson Mill Apt. 963
Jasonchester, ID 76558",SEO Specialist,Marketing,41150.74,BDfwBnLnfGSY
Justin,Green,justin.green@email.com,+1-652-793-8845x19715,"1951 Kyle Harbor
Port Amanda, MS 91086",Brand Manager,Marketing,51377.35,44ELjc7kWlaj
Matthew,Smith,matthew.smith@email.com,734-419-9545x241,"4518 Steven Springs Apt. 550
Lake Rachel, TN 86088",Brand Manager,Marketing,50359.71,tg8yRgp3V3LS
Nichole,Greer,nichole.greer@email.com,(697)560-9749x5896,"7408 Nguyen Mission
Bauertown, MS 30609",Accountant,Finance,81950.02,lUTYgsc7t9fN
Deborah,Jenkins,deborah.jenkins@email.com,001-998-751-5159,"9035 Gabriel Union
South Adrianchester, AL 78613",Brand Manager,Marketing,74291.18,2cc5TKLQLgW2
Kenneth,Holmes,kenneth.holmes@email.com,001-961-589-4076x2561,"07086 Karen Village Suite 831
South Jared, MI 78524",Financial Analyst,Finance,107280.72,RwgRd9vgJeft
Chris,Davis,chris.davis@email.com,001-687-735-0354x4589,"14861 Martinez Path Apt. 542
West Kimberlystad, AL 07245",Systems Administrator,IT,55231.0,QqBh8qoEuwB0
Cindy,Bennett,cindy.bennett@email.com,(721)510-6647,"85227 Potter Landing
New Colinport, WY 34546",HR Manager,HR,50242.62,LWdxITgO0zro
Mary,Hudson,mary.hudson@email.com,(812)776-9228,"24065 Adam Roads Apt. 263
Ellistown, WA 79706",Payroll Specialist,Finance,40601.41,8DAxX6LzfcEo
Mary,King,mary.king@email.com,001-369-741-8743,"3626 Alex Camp
Brianborough, KS 08958",HR Coordinator,HR,96114.34,TKRVysKQjr8i
Jasmine,Robinson,jasmine.robinson@email.com,(986)837-3640,"Unit 7663 Box 5556
DPO AP 27552",Marketing Specialist,Marketing,60296.96,yEhN2qVmSjYP
Teresa,Johnson,teresa.johnson@email.com,766-276-3835x191,"3591 Christopher Manor Apt. 100
Rossborough, VT 12162",Controller,Finance,72855.8,97DdaIPOEXNj
Elizabeth,Allen,elizabeth.allen@email.com,001-446-523-8944x15331,"37807 Casey Cliff Apt. 919
East Patrickland, WI 98564",Account Executive,Sales,99890.47,S0W7NZiahcxX
Kevin,Parker,kevin.parker@email.com,001-737-743-5161x683,"Unit 8242 Box 0037
DPO AP 88631",HR Manager,HR,74764.51,B1d5PdOflgI9
Joseph,Ramirez,joseph.ramirez@email.com,885-571-9533,"Unit 8500 Box 8704
DPO AA 96279",HR Manager,HR,79167.05,AkU9FMxZLNTb
Veronica,Pearson,veronica.pearson@email.com,(290)763-7125,"25999 Mark Meadow
West Sarachester, IL 26279",Software Engineer,IT,103087.9,TDdUzzDiZhNo
Erin,Weber,erin.weber@email.com,416-360-7255,"USCGC Miranda
FPO AP 39477",Business Development Rep,Sales,61471.06,YCcaBEWWrEck
Christine,Taylor,christine.taylor@email.com,(905)595-4336x16725,"4764 Adam Keys Suite 524
West Amanda, WA 17280",SEO Specialist,Marketing,106732.64,WNdKYDY84COM
Juan,Daugherty,juan.daugherty@email.com,2206965760,"291 Steven Prairie Suite 975
Lake Carlosville, ME 54186",Systems Administrator,IT,56472.5,qZrHe99Nl0R3
Donna,Herman,donna.herman@email.com,357.896.4946x570,"27683 Jessica Glens
North Alicia, SC 90923",Software Engineer,IT,48473.75,aR5wNDvsO3To
Sarah,Bradley,sarah.bradley@email.com,973-746-6144,"002 Hoffman Course
Bartontown, MS 61434",Systems Administrator,IT,103661.39,0N3qo3NVrquL
Sandra,Baxter,sandra.baxter@email.com,356.744.9938x7104,"08445 Watkins Keys Suite 929
West Jessica, MI 88513",Financial Analyst,Finance,116866.6,FWY6BNBffLKX
Heather,Harris,heather.harris@email.com,+1-458-677-0310x85089,"032 Ryan Radial
Port Johnport, FM 58166",SEO Specialist,Marketing,88665.89,8QTlyhRwxtDk
Alicia,Petersen,alicia.petersen@email.com,8784528776,"4845 John Fall Apt. 970
New Saratown, PR 74302",Talent Acquisition Specialist,HR,107435.5,bhwT9TszE7tU
Christina,King,christina.king@email.com,441.494.3408x261,"97745 Foster Springs Apt. 131
New Jonathanstad, ME 43850",Business Development Rep,Sales,116216.02,b1cE9zhgMEGy
Steven,Robbins,steven.robbins@email.com,001-711-407-2428x1071,"0797 Mahoney Shoals
South Jamestown, DC 50316",SEO Specialist,Marketing,92090.99,8lNLsW0QGqHq
Tiffany,Allen,tiffany.allen@email.com,+1-642-782-9281,"892 Margaret Island Suite 356
Rivasfort, AZ 41831",Recruiter,HR,81623.63,zR9MyRBgzsqi
Nichole,Meyer,nichole.meyer@email.com,+1-785-790-2371x0949,"87206 Roy Junction Suite 191
Millerbury, MH 76680",Accountant,Finance,65628.32,W9AJP9iAVc65
Todd,Alvarado,todd.alvarado@email.com,746-535-8855x853,"675 Kara Ports Suite 855
New Scott, RI 44631",SEO Specialist,Marketing,58019.27,Mnahsk8q83P6
Lucas,Carr,lucas.carr@email.com,969-971-6775x8091,"18098 Lynch Extensions
North Teresa, OR 24829",Sales Representative,Sales,85919.15,HJ6nVricyJ8F
Scott,Palmer,scott.palmer@email.com,358-981-7785,"67320 Katie Streets
Lake Dustinville, OR 89622",SEO Specialist,Marketing,90035.22,qGGXH7CktgUH
John,Reynolds,john.reynolds@email.com,001-691-637-8955x47673,"7897 Larson Junctions Suite 209
South Miguel, KS 86596",Talent Acquisition Specialist,HR,89319.59,uqnZgJI3o23j
Victoria,Arnold,victoria.arnold@email.com,548.783.8668x32662,"162 Montgomery Mill Suite 561
Brandonfurt, PW 96936",Systems Administrator,IT,108024.84,PvL91rlIur5L
Lindsay,Woods,lindsay.woods@email.com,3723797086,"4255 Fowler Overpass Suite 820
Jadeshire, NH 92861",Talent Acquisition Specialist,HR,105909.66,Y5eYYcs1NRfE
Bryan,Garner,bryan.garner@email.com,+1-610-212-5732,"308 Anthony Summit
Lake Caitlin, AS 42920",Business Development Rep,Sales,100289.86,jOfSB0IY4HcF
Rachael,Yang,rachael.yang@email.com,269-799-2036x3517,"4179 James Extensions
West Amandaberg, UT 92666",Software Engineer,IT,95579.25,XeeGq3QaMivm
Jason,Ruiz,jason.ruiz@email.com,+1-717-531-0222,"579 Glenn Ville Suite 004
East Zoehaven, MN 68773",Sales Representative,Sales,83896.54,r2Lgwvg8NuzK
Joshua,Chung,joshua.chung@email.com,916-486-3995x29144,"03430 Collins Keys
Webbfurt, NY 60426",Business Development Rep,Sales,47544.52,Slup3sX7bqmK
Erica,Collins,erica.collins@email.com,001-581-814-9850x5284,"19834 Haynes Mountains
West Dianemouth, KS 92627",DevOps Engineer,IT,47874.29,BRouYzi0OHAA
Martin,Walker,martin.walker@email.com,001-419-865-7672x33238,"7540 Washington Mews Suite 391
Millerville, MS 26516",Payroll Specialist,Finance,101322.61,hBVd4d02NvBw
Matthew,Burton,matthew.burton@email.com,519.658.8960x040,"0941 Velasquez Forge
East Vicki, TN 76354",Brand Manager,Marketing,73299.29,NSrqiOpLSZc3
Sherry,Morrow,sherry.morrow@email.com,001-682-337-4317,"7839 Davis Ridge Apt. 441
Lake Crystal, OK 58919",DevOps Engineer,IT,70693.85,prwWJ1o56JPk
Leslie,Wallace,leslie.wallace@email.com,001-804-323-3004x7786,"PSC 0552, Box 9479
APO AP 17642",HR Manager,HR,94295.54,ypABb41QxMp7
Alexa,Rodriguez,alexa.rodriguez@email.com,001-570-502-9058,"6526 Christopher Wall Apt. 481
East Nicole, ME 35898",Data Analyst,IT,55829.86,sTAJKa01EzuN
Ross,Young,ross.young@email.com,288-727-5337,"7172 Kyle Knolls
East Danielland, KY 40865",Financial Analyst,Finance,108177.47,7RRqiCnBPO44
Chelsey,Vaughan,chelsey.vaughan@email.com,840.535.3172x92670,"499 Barry Light
Murphyland, PR 77045",Financial Analyst,Finance,48602.76,lg2Yw65YokaD
Amanda,Nguyen,amanda.nguyen@email.com,806-645-7921x332,"85727 Nicholas Forks
New Emilyborough, PR 73743",HR Manager,HR,58542.0,j9GKDhJ9JZi1
Christopher,Sanford,christopher.sanford@email.com,001-705-327-7668x377,"230 Grant Mill Apt. 318
Taylorborough, PA 80932",Payroll Specialist,Finance,97399.94,ju7LeGkRfa8t
Andrew,Gonzalez,andrew.gonzalez@email.com,+1-414-456-7580x2349,"0385 Turner Path
Bridgesland, CA 42930",DevOps Engineer,IT,53217.45,d9Xx8wR8nfgk
Brett,Nelson,brett.nelson@email.com,001-535-510-9608,"908 Bruce Way Apt. 496
Madelineview, SD 91750",Sales Representative,Sales,103335.51,VLswgP1UQj3q
Samantha,Noble,samantha.noble@email.com,(224)696-6293x9966,"53561 Douglas Pines Apt. 893
Lutzland, HI 99755",Account Executive,Sales,110755.34,Eo9J6bZUx1VR
Kristina,Lopez,kristina.lopez@email.com,312-369-1353,"0100 Lisa Forks Apt. 764
Silvaland, AS 76188",SEO Specialist,Marketing,55454.33,uoOwjV0LDIBb
Gregory,Brooks,gregory.brooks@email.com,001-552-865-8653x185,"2822 Mark Crossroad
Carolmouth, SC 59560",Data Analyst,IT,42587.63,fnSInGOWZUJy
Michael,Palmer,michael.palmer@email.com,(448)432-0559x880,"51269 John Camp Suite 794
Dixonstad, OR 09843",Recruiter,HR,100866.47,tcLVa7itRN39
Michelle,Harris,michelle.harris@email.com,001-338-344-0886,"53347 Brittney Island
Jonesfort, WV 01377",HR Coordinator,HR,119372.97,rz7nadEE2r3S
Christopher,Moss,christopher.moss@email.com,449-556-4374x4992,"7586 Hoffman Lakes Suite 236
Lake Andrew, MN 31531",Systems Administrator,IT,113991.38,4b6oBUodklU8
Brent,Edwards,brent.edwards@email.com,718-499-4276x689,"99508 Lee Groves
Parkport, WY 81867",Data Analyst,IT,90226.94,zLrmlFjkGFvs
April,Blanchard,april.blanchard@email.com,608.611.7022x866,"583 Jake Heights Suite 004
Timothyshire, NV 84563",Controller,Finance,76407.06,5t2Qzwfvn8yM
Jeremy,Gillespie,jeremy.gillespie@email.com,001-605-318-4797x352,"224 Brown Fork
Joyside, TN 15787",Account Executive,Sales,99315.0,pF30pR7kceYA
Joe,Diaz,joe.diaz@email.com,(218)452-7069x95626,"2913 Jeffrey Harbor Apt. 068
Port Erinhaven, VT 90136",HR Coordinator,HR,102762.25,MN8QkfYIGssy
Andre,Molina,andre.molina@email.com,+1-878-983-8616x114,"288 Thomas Gateway
East Kellyville, FM 39360",Accountant,Finance,42588.02,qCsgx3TAJC10
Sarah,Johnson,sarah.johnson@email.com,7502300220,"49159 Brandy Divide
Maryborough, NJ 53524",Business Development Rep,Sales,105168.61,wD8ufEB992p9
Jeffrey,Franklin,jeffrey.franklin@email.com,(539)266-9466x7856,"91200 Brooks Spur Apt. 349
North David, WI 65595",Financial Analyst,Finance,102003.36,nyw32nhOBy0t
Brianna,Phelps,brianna.phelps@email.com,+1-852-721-4823,"45961 Elizabeth Ways Suite 462
Greenmouth, MT 09196",Talent Acquisition Specialist,HR,49407.45,16v0hRS07fQa
Lindsay,Roy,lindsay.roy@email.com,909.523.3830x86169,"046 Lisa Walks
New Ricky, IL 73759",Recruiter,HR,43701.88,TZav6gYlAWu6
Nicholas,Smith,nicholas.smith@email.com,001-792-489-6159x864,"Unit 6864 Box 7954
DPO AP 90485",Controller,Finance,67558.44,sbdqjdplOvjx
Brian,Little,brian.little@email.com,672-996-8507x3662,"00056 Kara Unions Apt. 184
East Ariana, OH 63052",Payroll Specialist,Finance,47933.49,mLWyIMPdM4GF
David,Thompson,david.thompson@email.com,969.598.5912x08141,"96647 Donald Springs Apt. 036
Rogersshire, VA 83365",Recruiter,HR,45431.56,6ccXVkxsk3Ho
William,Wilkerson,william.wilkerson@email.com,5499133338,"24533 Heather Inlet
New Austinfurt, WA 86602",HR Manager,HR,57449.4,swnTPRVbbah8
Jesse,Morgan,jesse.morgan@email.com,+1-303-921-3319x28767,"PSC 0254, Box 8187
APO AA 02719",HR Coordinator,HR,118043.77,D0aUeorLuVGz
Michael,Fritz,michael.fritz@email.com,502-534-5769x710,"16314 Wilson Expressway
Morrisonview, WV 22426",Account Executive,Sales,72136.74,3uDPcbRN3qCQ
Mary,Ware,mary.ware@email.com,(495)598-6900x413,"07864 Bailey Lock Apt. 883
East Kristin, CO 20407",Data Analyst,IT,97058.77,Z7AffU8jtywL
Ronald,Evans,ronald.evans@email.com,944.352.0524,"6991 Quinn Falls
North Kristyview, MN 40777",Controller,Finance,115192.32,8k0k6LCQmPum
Shirley,Freeman,shirley.freeman@email.com,529.598.7893,"97015 Rodney Cove
Stephentown, TN 47160",DevOps Engineer,IT,46702.71,4CACzBWPknFv
Jack,Randall,jack.randall@email.com,369-913-4774x933,"PSC 3040, Box 0028
APO AA 98686",Recruiter,HR,58168.38,rdyD030xSX5F
James,Cooley,james.cooley@email.com,001-506-283-0360x17109,"0051 Nguyen Burg
West Joshua, NY 16540",Payroll Specialist,Finance,73049.03,YZUN214LjTqQ
Nicholas,Brown,nicholas.brown@email.com,001-590-809-7219x8020,"98216 Michelle Fords
Port Kimberly, FL 99321",Business Development Rep,Sales,105177.87,TouOdmrpzUm9
Maria,Gay,maria.gay@email.com,827-737-6717x133,"77223 Valdez Springs
Fisherfurt, MN 18898",Content Strategist,Marketing,59384.97,mtJ40hi0d5LX
Sheena,Miles,sheena.miles@email.com,745-782-0702x401,"Unit 1767 Box 4331
DPO AP 12851",Sales Representative,Sales,103699.01,s7nNtELKaJ3F
Stanley,Santos,stanley.santos@email.com,001-832-360-2509x59252,"400 Kayla Ports
Ericport, MS 65794",DevOps Engineer,IT,44063.06,pZgfchUTZAC6
Sheila,Allen,sheila.allen@email.com,(508)820-2071x249,"539 Aaron Extensions
West Christopher, MO 41326",Account Executive,Sales,75861.54,CE1wn852JUjo
Laura,Simon,laura.simon@email.com,(810)858-3265,"85387 Mitchell Viaduct Apt. 103
Garciafurt, LA 89776",Recruiter,HR,56769.16,XB8Q74B2pO4z
Laura,Silva,laura.silva@email.com,(399)266-7310,"101 Jennifer Expressway Suite 049
Evansside, AZ 22809",SEO Specialist,Marketing,54569.84,ZxPnUO6pc2q0
Gabriel,Jones,gabriel.jones@email.com,6542230135,"821 Rebecca Lodge
East Jerryfort, AS 23746",Financial Analyst,Finance,109239.14,W89tjxFwczAX
Terri,Reynolds,terri.reynolds@email.com,001-515-957-1217x539,"80518 Brandon Mountains
Dunnmouth, ME 61031",Payroll Specialist,Finance,55897.9,mzE9V0qiMsWh
Alexandra,Davis,alexandra.davis@email.com,522.383.1188x031,"476 Cunningham Throughway
Port Hollyton, LA 54083",Account Executive,Sales,67261.11,KT9c0BaeA7Gf
Matthew,Soto,matthew.soto@email.com,(336)209-7237,"49986 Guerra Landing
Braytown, GU 07196",DevOps Engineer,IT,99059.03,S9QMSuCLuzLr
Roy,Potter,roy.potter@email.com,272-858-9550x634,"140 Patrick Plaza Suite 936
North Scott, SC 92147",Talent Acquisition Specialist,HR,86436.94,4ZaEtfWafl2t
Marie,Brown,marie.brown@email.com,+1-554-796-5811x93967,"415 Wiggins Springs Apt. 147
Greeneburgh, AS 02907",Software Engineer,IT,46579.75,6H9ucTQXoNF8
Nicholas,Harris,nicholas.harris@email.com,8788123700,"5786 Linda Corners
North Erinchester, MS 61413",HR Manager,HR,44710.77,czOnaMBkJI8T
Valerie,Gomez,valerie.gomez@email.com,+1-535-701-0806,"2702 Brandon Mountain Suite 363
Bennettfurt, NE 71907",Controller,Finance,80063.07,0osDRkfrZKiM
Emily,Wallace,emily.wallace@email.com,001-848-339-3464x7187,"25669 Brett Rest
Robertchester, ID 71978",HR Coordinator,HR,81602.02,2RHENdibP58m
Barbara,Rodriguez,barbara.rodriguez@email.com,4933376146,"27454 Daniel Hollow Apt. 685
Lindabury, CA 64758",Data Analyst,IT,102081.75,yFoo9HSh21Bd
Lisa,Jenkins,lisa.jenkins@email.com,924.201.1342,"USCGC Castillo
FPO AE 11587",Accountant,Finance,86436.47,tPvfhI0DHRiC
Nicole,Mckinney,nicole.mckinney@email.com,857-372-9606,"067 Theresa Villages
New Karen, SD 95092",Talent Acquisition Specialist,HR,71744.76,PRYMXWiSGaso
Michael,Anderson,michael.anderson@email.com,+1-871-940-0434x25533,"968 Patton Walk Suite 129
Hernandezstad, CO 33062",Sales Manager,Sales,45985.07,ndKBsU8r3BIs
Michelle,Paul,michelle.paul@email.com,001-588-615-8083,"339 Patricia Ridges Suite 149
West Rachel, WV 63125",Talent Acquisition Specialist,HR,115820.39,hINoxAJsCorO
Janet,Ingram,janet.ingram@email.com,+1-868-247-8325x29355,"57680 John Islands
North Brandystad, AK 35546",Sales Representative,Sales,50643.15,icW0mJw2qBV7
